{"cameraMode":{"drawMode":0,"name":"Shaded","section":"Shading Mode"},"sceneLighting":false,"audioPlay":false,"sceneViewState":{"showFog":true,"showMaterialUpdate":false,"showSkybox":false,"showFlares":true,"showImageEffects":true,"showParticleSystems":true},"in2DMode":false,"pivot":{"x":1.4002588987350464,"y":-1.0091514587402344,"z":0.0},"rotation":{"x":-0.046591468155384067,"y":0.262660950422287,"z":-0.01269910391420126,"w":-0.9636790156364441},"size":0.5715768337249756,"orthographic":false}