{"cameraMode":{"drawMode":0,"name":"Shaded","section":"Shading Mode"},"sceneLighting":false,"audioPlay":false,"sceneViewState":{"showFog":true,"showMaterialUpdate":false,"showSkybox":false,"showFlares":true,"showImageEffects":true,"showParticleSystems":true},"in2DMode":false,"pivot":{"x":682.3473510742188,"y":519.730224609375,"z":-4.38533878326416},"rotation":{"x":-0.046591468155384067,"y":0.262660950422287,"z":-0.01269910391420126,"w":-0.9636790156364441},"size":1.5452344417572022,"orthographic":false}