{"cameraMode":{"drawMode":0,"name":"Shaded","section":"Shading Mode"},"sceneLighting":false,"audioPlay":false,"sceneViewState":{"showFog":true,"showMaterialUpdate":false,"showSkybox":false,"showFlares":true,"showImageEffects":true,"showParticleSystems":true},"in2DMode":false,"pivot":{"x":-0.10182872414588928,"y":-0.1527094841003418,"z":-0.02237403392791748},"rotation":{"x":-0.046591468155384067,"y":0.262660950422287,"z":-0.01269910391420126,"w":-0.9636790156364441},"size":1.2284231185913087,"orthographic":false}