{"cameraMode":{"drawMode":0,"name":"Shaded","section":"Shading Mode"},"sceneLighting":false,"audioPlay":false,"sceneViewState":{"showFog":true,"showMaterialUpdate":false,"showSkybox":false,"showFlares":true,"showImageEffects":true,"showParticleSystems":true},"in2DMode":false,"pivot":{"x":1.6418800354003907,"y":-0.8220160007476807,"z":-0.187686026096344},"rotation":{"x":-0.018025515601038934,"y":0.9809893369674683,"z":-0.11262787878513336,"w":-0.15700311958789826},"size":0.8715769648551941,"orthographic":false}